Product,Price,Shades,Number of Shades,Description,Types,Category
Powder Kiss Liquid Lipcolour ,$24.00,"['BurningLove', 'SorryNotSorry', 'MullItOver', 'ResortSeason', 'Billion$Smile', 'MakeLoveToTheCamera', 'ALittleTamed', 'ModelOffDuty', 'DevotedToChili', 'GotACallback', '¡Escándalo!', 'M·A·Csmash', 'OverTheTaupe', 'MakeItFashun!', 'MoreTheMehr-ier', 'Crossfade', 'Date-Maker']",17,"Moisture-Matte Liquid Lipcolour, Soft-Focus/Blurred Colour, 10-Hour Weightless Moisture",Liquid Lipsitck,Lips
Retro Matte Liquid Lipcolour Metallics,$22.00,"['LoveWeapon', 'Gemz&Roses', 'MetallicRose', 'PearlPunk', ""SoftlyRockin'"", 'Quartzette', 'SilverSpoon']",7,"Liquid Lipstick, Matte Metallic Finish, Long-Lasting",Liquid Lipsitck,Lips
Grand Illusion Glossy Liquid Lipcolour,$22.00,"['SpoilYourself', 'Goldieloxxed', 'RubyPrincess', ""JustHustlin'"", ""It'SJustCandy!"", 'AutumnRusset', 'PartySparkle', ""Let'sRock"", 'PearlyGirl', 'PinkTrip', ""Queen'sViolet"", 'RaveBunny', 'SpaceBubble', 'TwinkleTwink']",14,"Holographic Shine, Full Coverage, Cooling Sensation",Liquid Lipsitck,Lips
Patent Paint Lip Lacquer,$22.00,"['SlickFlick', 'EternalSunshine', 'LatexLove', 'RedEnamel', 'MagicMirror', 'PatentPleasure', 'LacqueredUp', 'PolishedPrize', 'MajorGlazer', 'PVCYaLater', 'VinylUnderground']",11,"Non-Sticky 3D Shine, Weightless Saturated Colour, Non-Bleeding",Liquid Lipsitck,Lips
Prep + Prime Lip,$19.00,[],0,"Hydrating, Prevents Feathering, Retexturizing",Liquid Lipsitck,Lips
Lip Pencil,$18.00,"['Burgundy', 'Vino', 'Mahogany', 'Heroine', 'Chicory', 'Brick', 'Beet', 'Auburn', 'Hover', 'Stripdown', 'TalkingPoints', 'Half-Red', 'Oak', 'Magenta', 'CandyYum-Yum', 'Cork', 'BoldlyBare', 'Cherry', 'Chestnut', 'CyberWorld', 'Dervish', 'EdgetoEdge', 'Nightmoth', 'Plum', 'RubyWoo', 'Soar', 'Spice', 'Stone', 'Subculture', 'Whirl']",30,"Creamy, Professional, Artistry",Liquid Lipsitck,Lips
Lip Scrubtious,$18.00,"['CandiedNectar', 'FruitofPassion', 'SweetVanilla']",3,"Exfoliating, Hydrating, 3 Flavours",Liquid Lipsitck,Lips
Lip Conditioner (Tube),$18.00,[],0,"Hydrating, Nourishing, Conditioning",Liquid Lipsitck,Lips
Lipglass,$18.00,"['AllThingsMagical', 'CandyBox', 'Cultured', 'Nymphette', 'Dreamy', 'Prrr', 'GoodJuju', 'MagicallyDelightful', 'LycheeLuxe', 'MysticPowers', 'OysterGirl', 'VeryGoLightly', 'C-Thru', 'Spite', 'OhBaby', 'ElementalForces', 'Lust', 'BittersweetMe', 'Spice', 'ShapeshiftingPeach', 'Explicit', 'RubyWoo', 'Heroine', 'CandyYum-Yum', 'LoveChild', 'Impassioned', 'ShowingSkin', 'LoveNectar', 'DangerousCurves', 'PrettyPeppa', 'FashionPunch', 'Primordial', 'Low-Cut']",33,"Glass-Like Shine, High Coverage, M·A·C Heritage",Lip Gloss,Lips
Powerglass Plumping Lip Gloss,$21.00,"['PlumpUpTheJam', 'SeriouslyStoked', 'ComicBookEnding', 'PleasedAsPunch', 'Gee,That’sSwell!', 'Can’tBurstThisBubble']",6,"Plumps Lips Instantly/Over Time, Sheer Luscious Colour, Hydrates",Lip Gloss,Lips
Cremesheen Glass,$21.00,"['BoyBait', 'Deelight', 'FashionScoop', 'JustSuperb', 'Pagoda', 'PartialtoPink']",6,"Creamy, Cushiony, Moisturizing-Serum Blend",Lip Gloss,Lips
Versicolour Varnish Cream Lip Stain,$22.00,"['NoInterruptions', 'BittenBabe', 'ToTheExtreme', 'SerialStain', 'Effervescent', 'VarnishlyRed', 'PeachAflush', 'PlexiPink', 'TrytoStopMe', 'StuckInLove', 'ShockItToMe', 'OptixOrange', 'LikeCandy', 'CrushingIt!']",14,"High Coverage, Glossy Shine, 12-Hour Wear",Lip Gloss,Lips
Lipglass Clear ,$18.00,[],0,"Mirror-Like Shine, Conditioning, Iconic",Lip Gloss,Lips
Lipglass Clear / Mini M·A·C,$12.00,[],0,"Travel Size, Mirror-Like Shine, High Coverage",Lip Gloss,Lips
Dazzleglass,$18.00,"['BabySparks', 'PrancinDancin', 'TangerineTropica', 'DressedtoDazzle', 'GoForGold', 'ExtraAmps', 'Funtabulous', 'GetRichQuick', 'JingleJangle', 'Money,Honey', 'MothToFlame', 'PleasurePrinciple', 'RagstoRiches', 'Rollergirl', 'Sugarrimmed']",15,"3D Shine, Medium Coverage, Non-Tacky",Lip Gloss,Lips
Lipglass / Mini M·A·C,$12.00,"['LoveChild', 'CandyBox', 'C-Thru', 'Nymphette', 'OhBaby', 'OysterGirl', 'Spite']",7,"Travel-Size, Glass-Like Shine, High Coverage",Lip Gloss,Lips
Tendertalk Lip Balm,$21.00,"['CandyWrapped', 'PlayWithMe', 'PrettyMeUp']",3,"Customized Colour, Sheer Coverage, Hydrating",Lip Gloss,Lips
Lipglass / Teyana Taylor,$19.00,"[""10'sAcrossDaBoard"", ""ButAin'tGotNoManners""]",2,"Glass-Like Shine, For Every Skin Tone, Limited Edition",Lip Gloss,Lips
Lipglass / M·A·C Lover,$17.50,"['SoDevoted', 'HeyLover']",2,"Two Universally Flattering Shades, Glass-Like Shine, M∙A∙C Lover-Exclusive",Lip Gloss,Lips
Lipglass / Bronzer,$18.50,"['TooCoolForPool', 'WouldRatherLounge']",2,"Glass-Like Shine, High Coverage, Special Packaging",Lip Gloss,Lips
Lipglass / @mainedcm,$18.50,[],0,"Deep Red Shade, Glass-Like Shine, Special Edition",Lip Gloss,Lips
Patentpolish Lip Pencil,,[],0,"Lip Pencil/Gloss Hybrid, Comfortable, Bold Shine",Lip Gloss,Lips
Lip Pencil / Teyana Taylor,$19.00,"['Chestnut', 'Hodgepodge', 'CyberWorld', 'Nightmoth']",4,"Creamy, For Every Skin Tone, Limited Edition",Lip Liner,Lips
PRO Lip Palette / 6 Select Plums,$25.00,[],0,"Shades: Amorous, Twig, Verve, Captive, Hang Up, Cyber ($40 Value)",Lip Palettes,Lips
PRO Lip Palette / 6 Editorial Reds,$25.00,[],0,"Shades: Lady Danger, Ruby Woo, Russian Red, M·A·C Red, On Hold, Dare You ($40 Value)",Lip Palettes,Lips
PRO Lip Palette / 6 Modern Browns,$25.00,[],0,"Shades: Peachstock, Half N Half, Fresh Brew, Taupe, Paramount, Frenzy ($40 Value)",Lip Palettes,Lips
PRO Lip Palette / 6 Preferred Pinks,$25.00,[],0,"Shades: Pretty Please, Lovelorn, Crème De La Femme, Please Me, Show Orchid, Violetta ($40 Value)",Lip Palettes,Lips
PRO Lip Palette / 6 Editorial Oranges,$25.00,[],0,"Shades: Sandy B, Crosswires, Morange, So Chaud, Look at her, Bronze Shimmer ($40 Value)",Lip Palettes,Lips
M·A·C Pro Lip Palette Necessary Nudes ,$25.00,[],0,"Shades: Honey Love, Fleshpot, Frou, SISS, Yash, Hug Me ($40 Value)",Lip Palettes,Lips
DEVOTED TO RED LIPS QUARTET,$50.00,[],0,"4-Piece Red Lip Kit, Exclusively for M∙A∙C Devoted Members, Online Only for $50 ($72 Value)",Lip Palettes,Lips
Matte Lipstick,$19.00,"['Marrakesh', 'Soar', 'DowntoanArt', ""YouWouldn'tGetIt"", 'PinkPigeon', 'BreathingFire', 'CandyYum-Yum', 'PleaseMe', 'Mehr', 'Honeylove', 'VelvetTeddy', 'Whirl', 'Taupe', 'Yash', 'KindaSexy', 'Diva', 'Sin', 'AntiqueVelvet', 'RussianRed', 'Chili', 'DforDanger', 'LadyDanger', 'RedRock', 'TropicTonic', 'Mangrove', 'PunkCouture', 'Heroine', 'MatteRoyal', 'Kinkster', 'DoubleFudge', 'Consensual', 'LoveUBack', 'Derrière', 'ActNatural', 'SoChaud', 'SmokedPurple', 'Bronx']",37,"Creamy, Full Coverage, Matte Finish",Lipstick,Lips
Powder Kiss Lipstick,$21.00,"['DevotedToChili', 'StayCurious', 'Werk,Werk,Werk', 'ALittleTamed', 'ShockingRevelation', 'PForPotent', 'Ripened', 'MyTweedy', 'ScatteredPetals', 'Sexy,ButSweet', 'StyleShocked!', 'SultryMove', 'MandarinO', 'FallInLove', 'Impulsive', 'MullItOver', 'BurningLove', 'VelvetPunch', 'Sultriness', 'Reverence', 'LastingPassion']",21,"Weightless Soft Matte, Moisturizing, Blurs Lines and Smooths Lips",Lipstick,Lips
Love Me Lipstick,$21.00,"['GiveMeFever', 'EForEffortless', 'MyLittleSecret', ""You'reSoVain"", 'NineLives', 'BatedBreath', 'VanityBonfire', 'FrenchSilk', 'TrèsBlasé', 'Laissez-Faire', ""Daddy'sGirl"", 'UndertheCovers', 'PureNonchalance', 'MonCoeur', 'LetThemEatCake!', 'Coffee&Cigs', 'ShamelesslyVain', 'Hey,Frenchie!', 'KillingMeSoftly', 'DGAF', 'MaisonRouge', 'AsIfICare', 'JoieDeVivre', 'LaFemme']",24,"Powerful Colour, All-Day Moisture, Weightless Satin-Soft Finish",Lipstick,Lips
Retro Matte Lipstick,$19.00,"['RubyWoo', 'RelentlesslyRed', 'AllFiredUp', 'Dangerous', 'RunwayHit', 'FlatOutFabulous']",6,"Long-Wearing, Full Coverage, Completely Matte Finish",Lipstick,Lips
Lustre Lipstick,$19.00,"['SeeSheer', 'Patisserie', 'Lovelorn', 'Giddy', 'Syrup', 'Capricious', 'MilanMode', 'Plumful', 'Sweetie', 'Cockney', 'LadyBug', 'SpiceItUp!', 'Touch', 'Jubilee', 'HugMe', 'Midimauve', 'FreshBrew', 'Flamingo', 'PrettyPlease', 'Oh,YesBaby!', 'MoveYourBody', 'GoodForm']",22,"Lightweight, Sheer Buildable Coverage, Lustrous Finish",Lipstick,Lips
Satin Lipstick,$19.00,"['Snob', 'PeachyNewYear', 'GoodHealth', 'PinkNouveau', 'DelRio', 'Captive', 'Amorous', 'Twig', 'Faux', 'Brave', 'Fleshpot', 'Myth', 'Peachstock', 'Cherish', 'Spirit', 'Mocha', 'Shrimpton', 'SushiKiss', 'Retro', 'Verve', 'Photo', 'Rebel', 'Cyber', 'FilmNoir', 'Media', ""Bad'N'Bare"", 'MACRed', 'Paramount']",28,"Creamy, Medium Buildable Coverage, Satin Finish",Lipstick,Lips
Amplified Lipstick,$19.00,"['SmokedAlmond', 'DarkSide', ""S'Sexy"", 'Brick-O-La', 'Chatterbox', 'Craving', 'Cosmo', 'Blankety', ""Half'nHalf"", 'SaintGermain', 'GirlAboutTown', 'Impassioned', 'FusionPink', 'NeonOrange', 'Morange', 'ShowOrchid', 'UpTheAmp', 'Violetta', 'Dubonnet', 'FastPlay', 'BareBling', 'FeelingMyself', 'LeaveMeBreathless', 'VegasVolt']",24,"Ultra-Creamy, Full Coverage, Semi-Lustrous Finish",Lipstick,Lips
Cremesheen Lipstick,$19.00,"['BraveRed', 'DareYou', 'SweetSakura', 'DozenCarnations', 'PrettyBoy', 'Crosswires', 'Nippon', 'OnHold', 'Fanfare', 'CrèmeCup', ""Crèmed'Nude"", 'Modesty', 'PeachBlossom', 'CrèmeInYourCoffee']",14,"Creamy, Medium Buildable Coverage, Semi-Glossy Finish",Lipstick,Lips
Frost Lipstick,$19.00,"['Angel', 'NewYorkApple', 'Bombshell', 'Fabby', '“O”', 'CB96', 'BronzeShimmer', 'PlumDandy', 'PinkPower', 'Odyssey', 'ModelBehavior', 'Icon', 'CostaChic', 'FreshMoroccan', 'CrèmeDeLaFemme', 'SpoiledFabulous', 'Gel', 'Skew', 'SpanishFly', 'OnandOn', 'SoftHint']",21,"High Pearl, Medium Buildable Coverage, Semi-Lustrous Finish",Lipstick,Lips
Viva Glam Lipstick,$19.00,"['VivaGlamI', 'VivaGlamII', 'VivaGlamIII']",3,"Powerful, Philanthropic, M·A·C Heritage",Lipstick,Lips
Retro Matte Liquid Lipcolour,$22.00,"['HighDrama', 'BurntSpice', 'Caviar', 'DancewithMe', 'FashionLegacy', 'FeelsSoGrand', 'LadyBeGood', 'QuitetheStandout', 'SoMe', 'ToppedWithBrandy', 'UniformlyFabulous', 'YoungAttitude']",12,"Liquid Lipstick, Matte Finish, Long-Lasting Colour",Lipstick,Lips
Shot of Colour Lip Oil,$22.00,"['SoFullOn', 'Punch-DrunkLove', 'CompletelyBlasted', 'BangBangBaby', 'Shots!Shots!Shots!']",5,"Lightweight, Instantly Hydrates, High-Shine Saturated Colour",Lipstick,Lips
Lipstick / Teyana Taylor,$20.00,"['GoodMoaninnnn', 'IGotAMan', 'JunieBee']",3,"Remix-And-Match Shades, For Every Skin Tone, Limited Edition",Lipstick,Lips
Lipstick / Bronzer,$20.00,"['CoteD’Amour', 'SettoSizzle', 'Wham', 'ALaPlage', 'CannesDo!']",5,"Sizzling Shades, Slick Textures, Special Packaging",Lipstick,Lips
Lipstick / Selena La Reina,$20.00,[],0,"Rich Shades, Rose-Debossed Bullets, Limited Edition",Lipstick,Lips
“HAUTE” LIMITED-EDITION LIPSTICK CASE,$19.00,[],0,"Limited-Edition Lipstick Case, “Haute” Fuchsia Lips Design, Exclusively Online",Lipstick,Lips
Lipstick / Nicola Chapman ,$20.00,[],0,"Soft Peachy Coral Shade, Cremesheen Finish, Special Edition",Lipstick,Lips
Lipstick / @bonniestrange,$20.00,[],0,"Cool Pink Shade, Satin Finish, Special Edition",Lipstick,Lips
Lipstick / Sam Chapman ,$20.00,[],0,"Blue-Red Shade, Amplified Finish, Special Edition",Lipstick,Lips
TO MOM WITH LOVE LIMITED-EDITION LIPSTICK CASE X JASON NAYLOR,$19.00,[],0,"Limited-Edition Mother’s Day Lipstick Case, Holographic-Silver Heart Design, Exclusively Online",Lipstick,Lips
Lipmix,$18.50,"['Crimson', 'Red', 'Yellow', 'Orange', 'White', 'Magenta', 'MediumNude', 'DarkNude', 'Fuchsia', 'Cyan', 'Black', 'Burgundy', 'Blue']",13,"Highly Pigmented, Professional, Customizable",Lipstick,Lips
Lipmix / Gloss,$18.50,[],0,"High-Shine Gloss, Artistry, Editorial",Lipstick,Lips
Lipmix / Satin,$18.50,[],0,"Satin Sheen, Artistry, Editorial",Lipstick,Lips
Lip Erase,$22.00,"['Pale', 'Dim']",2,"CAMOUFLAGES NATURAL LIP PIGMENT, CONDITIONING, COMFORTABLE",Lipstick,Lips
Powder Kiss Soft Matte Eye Shadow,$20.00,"['DevotedtoChili', 'FallInLove', 'SoHauteRightNow', 'Ripened', 'LensBlur', 'GiveAGlam', 'BestofMe', 'Werk,Werk,Werk', 'StrikeAPose', 'WhatClout!']",10,"Pillow-Soft Formula, Diffused-Matte Finish, Weightless",Eyeshadow,Eyes
Powder Kiss Soft Matte Eye Shadow Pro Palette,$9.00,"['LensBlur', 'Ripened', 'FallInLove', 'GiveAGlam', 'Werk,Werk,Werk', 'WhatClout!', 'BestofMe', 'DevotedtoChili', 'StrikeAPose', 'SoHauteRightNow']",10,"Pillow-Soft Formula, Diffused-Matte Finish, Portable Pro Palette Pan",Eyeshadow,Eyes
Eye Shadow,$18.00,"['MintCondition', 'PowerToThePurple', 'CozyGrey', 'Stormwatch', 'Finjan', 'StarryNight', ""What'sTheWIFI?"", 'MemoriesofSpace', 'Motif!', 'Sandstone', 'Coral', 'JingleBallBronze', 'Libra', 'NaturalWilderness', 'Cobalt', 'NudeModel', 'GlitchInTheMatrix', ""Mo'MoneyMo'Problems"", 'HauteSauce', 'L.E.S.Artiste', ""That'sShowbizBaby"", ""IfItAin'tBaroque"", 'SamoaSilk', 'RoyalRendezvous', 'ShellPeach', 'RoseBeforeBros', 'Marsh', 'InLivingPink', 'ShadySanta', 'TutuGood', 'LeftYouOnRed', '#Humblebrag', 'TriennialWave', 'Greystone', 'Darkroom', 'Omega', 'Carbon', 'NakedLunch', 'Kid', 'Quarry', 'Dazzlelight', 'Ricepaper', 'Tete-A-Tint', 'Brulé', 'Shroom', 'Yogurt', 'Phloof!', 'Malt', 'Orb', 'ExpensivePink', 'Haux', 'Antiqued', 'AmberLights', 'CharcoalBrown', 'Cork', 'SatinTaupe', 'Embark', 'Brun', 'BeautyMarked', 'Concrete', 'Sketch', 'Cranberry', ""I'mIntoIt"", 'Scene', 'CherryTopped', 'PinkVenus', 'Girlie', ""Fashion'sFieldDay"", 'Paradisco', 'SuspiciouslySweet', 'Rule', 'RedBrick', 'Coquette', 'Espresso', 'Mulch', 'Sable', 'SoftBrown', 'Grain', 'Texture', 'Uninterrupted', 'Twinks', 'SwissChocolate', 'Saddle', 'Wedge', 'Woodwinked', 'Tilt', 'Print', 'Plumage', 'AtlanticBlue', 'InTheShadows', 'NewCrop', 'Steamy', 'Humid', 'ChromeYellow', 'ShockFactor', 'Vex', 'Nylon', 'Gesso', 'BlackTied', 'BlancType', ""Stars'N'Rockets"", 'Ruddy', 'Goldmine', 'Vanilla']",104,"Rich Colour, Professional, Iconic",Eyeshadow,Eyes
Dazzleshadow Extreme,$20.00,"[""ObjetD'Art"", 'CoutureCopper', 'Incinerated', 'Discotheque', 'JoieDeGlitz', 'YesToSequins', 'EmeraldCut', 'Illuminaughty', 'Celebutante', 'KissofKlimt']",10,"Molten Metallic Finish, One-Swipe Colour Payoff, 12-Hour Wear",Eyeshadow,Eyes
Dazzleshadow,$20.00,"[""It'sAllAboutShine"", 'OhSoGilty', 'DreamyBeams', 'DazzleStyle', 'MidnightShine', 'ShineDe-Light', 'ILike2Watch', 'LastDance', 'SheSparkles', 'Slow/Fast/Slow']",10,"Colour-True, High Intensity, 3D Glitter Effect",Eyeshadow,Eyes
Extra Dimension Eye Shadow,$20.00,"['ANaturalFlirt', 'AmorousAlloy', 'EveningGrey', 'FathomsDeep', 'Havana', 'LegendaryLure', 'ReadyToParty', 'SeaWorship', 'SmokyMauve', 'StolenMoment', 'SweetHeat']",11,"Hybrid Formula, High Shine, 10-Hour Wear",Eyeshadow,Eyes
Pro Longwear Paint Pot,$23.00,"['BareStudy', 'Groundwork', ""Layin'Low"", 'Painterly', 'SoftOchre', 'VintageSelection']",6,"Eye Primer/Cream Shadow, Long-Wearing, Highly Pigmented",Eyeshadow,Eyes
Cream Colour Base,$25.00,"['Hush', 'Luna', 'Pearl', 'Shell']",4,"Cream Formula, Buildable Coverage, Multi-Use",Eyeshadow,Eyes
Dazzleshadow Extreme (Pro Palette Refill Pan),$9.00,"[""ObjetD'Art"", 'Discotheque', 'JoieDeGlitz', 'Illuminaughty', 'KissofKlimt', 'CoutureCopper', 'Celebutante', 'Incinerated', 'EmeraldCut', 'YesToSequins']",10,"Molten Metallic Finish, One-Swipe Colour Payoff, Portable Pro Palette Pan",Eyeshadow,Eyes
M·A·C Studio Eye Gloss,$22.00,"['LightlyTauped', 'Médoc', 'MoneyHoney', 'PearlVarnish']",4,"Buildable Coverage, Tacky Texture, Glossy Finish",Eyeshadow,Eyes
Foiled Shadow / Bronzer,$26.00,[],0,"Wet/Dry Formula, Metallic Finish, Lightweight",Eyeshadow,Eyes
Dazzleshadow Liquid,$23.00,"['DiamondCrumbles', 'EveryDayIsSunshine', 'LoveYourself', 'RayonRays', 'StarsInMyEyes', 'FlashAndDash', 'Panthertized', 'BlinkingBrilliant', 'NotAfraidToSparkle', 'BeamTime']",10,"""SEARCH TERMSMetallic/Glitter Finishes, Smooth Lightweight Feel, 8-Hour Wear",Eyeshadow,Eyes
Pigment,$23.00,"['BlackBlack', ""Blonde'sGold"", 'BlueBrown', 'Chartreuse', 'Copper', 'CopperSparkle', 'DeepBlueGreen', 'DeepBrown', 'DeepPurple', 'EmeraldGreen', 'Gold', 'HeritageRouge', 'Hi-DefCyan', 'Kitschmas', 'LandscapeGreen', 'MarineUltra', 'Melon', 'MuseumBronze', 'Naked', 'NakedDark', 'NakedDeepDark', 'NavalBlue', 'OldGold', 'Platinum', 'PrimaryYellow', 'PureWhite', 'RichPurple', 'Rose', 'RoseGold', 'SilverFog', 'Tan', 'Vanilla', 'White', 'WhiteGold']",34,"Versatile Loose Powder, High-Intensity Colour, Easily Blendable",Eyeshadow,Eyes
Pigment / Mini M·A·C,$12.00,"['Kitschmas', 'Naked', 'CopperSparkle', 'Melon', 'BlueBrown', 'Vanilla', 'Tan', 'Rose']",8,"Travel Size, Versatile Loose Powder, High-Intensity Colour, Easily Blendable",Eyeshadow,Eyes
Art Library: Nude Model,$48.00,[],0,"12 Neutral Shades, Versatile, Full-Sized Shadows, $84 Value",Eyeshadow,Eyes
Art Library: It’s Designer,$48.00,[],0,"12 Colourful Shades, Versatile, Full-Sized Shadows, $84 value",Eyeshadow,Eyes
Art Library: Flame-boyant,$48.00,[],0,"12 Warm-Toned Shades, Versatile, Full-Sized Shadows, $84 value",Eyeshadow,Eyes
Eye Shadow x 9: Solar Glow Times Nine,$32.00,[],0,"Coordinated Smoky Browns, Professional, Portable",Eyeshadow,Eyes
Eye Shadow x 9: Dusky Rose Times Nine,$32.00,[],0,"Coordinated Dusky Roses, Professional, Portable",Eyeshadow,Eyes
Eye Shadow x 9: Amber Times Nine,$32.00,[],0,"Coordinated Ambers, Professional, Portable",Eyeshadow,Eyes
Eye Shadow x 9: Burgundy Times Nine,$32.00,[],0,"Coordinated Burgundies, Professional, Portable",Eyeshadow,Eyes
Eye Shadow x 9: Semi-Sweet Times Nine,$32.00,[],0,"Coordinated Smoky Browns, Professional, Portable",Eyeshadow,Eyes
Pro Eye Palette: The Dame,$40.00,[],0,"6 Shades, Classic Neutrals, Cream Colour Shadow",Eyeshadow,Eyes
Pro Eye Palette: The Social Climber,$40.00,[],0,"6 Shades, Golden Browns/Siennas, Cream Colour Shadow",Eyeshadow,Eyes
Pro Eye Palette: The Bad Girl,$40.00,[],0,"6 Shades, Blues/Greens, Cream Colour Shadow",Eyeshadow,Eyes
Pro Eye Palette: The Silly One,$40.00,[],0,"6 Shades, Pinks/Beiges, Cream Colour Shadow",Eyeshadow,Eyes
Pro Eye Palette: The Romantic,$40.00,[],0,"6 Shades, Reds/Violets, Cream Colour Shadow",Eyeshadow,Eyes
Brushstroke 24-Hour Liner,$22.00,"['Brushblack', 'Brushbrown']",2,"Brush-Style Formula, Long-Wearing, Precise",Eyeliner,Eyes
Technakohl Liner,$19.00,"['Auto-de-blu', 'Broque', 'Brownborder', 'CoolJazz', 'Graphblack', 'Photogravure', 'PurpleDash']",7,"Rich Colour, Mechanical-Style, Safe For Waterlines",Eyeliner,Eyes
M·A·C Dual Dare All-Day Waterproof Liner,$24.00,[],0,"Two-In-One Waterproof Liner, Liquid Brush for Precision, Kajal Pencil for Definition",Eyeliner,Eyes
Liquidlast 24-Hour Waterproof Liner,$22.00,"['NakedBond', 'CocoBar', 'PointBlack', 'KeepItCurrant', 'LateNight', 'WetRoad', 'MistyMe']",7,"Rich Colour, Long-Wearing, Precise",Eyeliner,Eyes
Liquid Eye Liner,$22.00,[],0,"Liquid Formula, Long-Wearing, Precise",Eyeliner,Eyes
Pro Longwear Eye Liner,$22.00,"['DefinedlyBlack', 'Devotion', 'MountainAir', 'NightTrail', 'RichExperience', 'StrongWilled']",6,"Water-Resistant, All day Wear, Safe For Waterlines",Eyeliner,Eyes
Eye Kohl,$19.00,"['CostaRiche', 'Fascinating', 'Minted', 'PhoneNumber', 'Powersurge', 'Prunella', 'Smolder', 'Teddy']",8,"Silky Formula, Rich Colour, Matte/Pearl Finish",Eyeliner,Eyes
Powerpoint Eye Pencil,$19.00,"['Engraved', 'StubbornBrown']",2,"Waterproof, Long-Wearing, Multiple Finishes",Eyeliner,Eyes
Chromagraphic Pencil,$18.00,"['GenuineOrange', 'BasicRed', 'PrimaryYellow', 'PureWhite', 'RichPurple', 'ProcessMagenta', 'Hi-DefCyan', 'MarineUltra']",8,"Creamy Formula, Rich Colour, Long-Wearing",Eyeliner,Eyes
Pro Longwear Fluidline Eyeliner and Brow Gel ,$19.00,"['Blacktrack', 'Dipdown', 'Lowlights', 'Macroviolet', 'MidnightSnack']",5,"Gel Formula, Long-Wearing, Precise",Eyeliner,Eyes
Chromaline,$22.00,"['BlackBlack', 'Hi-DefCyan', 'PureWhite']",3,"Gel/Cream Liner for Face/Body, Rich Colour, Long-Wearing",Eyeliner,Eyes
Extended Play Gigablack Lash Mascara,$21.00,[],0,"Defining, Warm Water Washable, Super Black",Mascara,Eyes
Extended Play Perm Me Up Lash Mascara,$24.00,[],0,"16-Hour Curl, Volumizing, Warm Water Washable",Mascara,Eyes
Up For Everything Lash ,$24.00,[],0,"Waterproof, 24-Hour Curl, 24-Hour Volume",Mascara,Eyes
In Extreme Dimension 3D Black Lash Mascara,$24.00,[],0,"3D Volume, Dramatic, Super Black",Mascara,Eyes
In Extreme Dimension Waterproof Mascara,$24.00,[],0,"3D Volume, Dramatic, Waterproof",Mascara,Eyes
In Extreme Dimension Lash Mascara / Mini M·A·C,$14.00,[],0,"Travel Size, Fun Shades, Volumizing/Curling",Mascara,Eyes
Haute & Naughty Waterproof Lash Mascara,$24.00,[],0,"Double Effect, Defining, Waterproof",Mascara,Eyes
Haute & Naughty Lash Mascara,$24.00,[],0,"Double Effect, Defining, Volumizing",Mascara,Eyes
False Lashes Maximizer ,$20.00,[],0,"Ultimate Undercoat, Nourishing, Boosts Mascara",Mascara,Eyes
Mixing Medium Lash,$15.00,[],0,"Mascara Primer, Emollient Formula, Colourless, Conditioning",Mascara,Eyes
Eye Brows Big Boost Fibre Gel,$23.00,"['Fling', 'Tapered', 'Lingering', 'Brunette', 'Stylized', 'Stud', 'Spiked', 'Strut']",8,"Adds Volume With Microfibres, Grooms/Shapes/Builds Brows, 24-Hour Waterproof Wear",Eyebrow,Eyes
Eye Brows Styler,$19.00,"['Brunette', 'Fling', 'Lingering', 'Spiked', 'Strut', 'Stud', 'Stylized', 'Tapered']",8,"Precise Microfine Tip, 12-Hour Wear, Naturally Defined Look",Eyebrow,Eyes
Shape + Shade Brow Tint,$23.00,"['Spiked', 'Stud', 'Taupe', 'Lingering', 'Cork', 'Fling']",6,"Dual-Ended Product, Liquid/Powder Formulas for Natural Shading/Shaping, Waterproof",Eyebrow,Eyes
Veluxe Brow Liner,$23.00,"['Brunette', 'DeepBrunette', 'DeepDarkBrunette', 'Fling', 'Omega', 'Redhead', 'Taupe', 'Velvetstone']",8,"Pencil-Style, Long-Wearing, Added Spoolie",Eyebrow,Eyes
Brow Set,$19.00,[],0,"brow set, brow setter, well-groomed brows, feather brow",Eyebrow,Eyes
Great Brows,$30.00,"['Lingering', 'Spiked', 'Taupe']",3,"All-In-One Kit, Long-Wearing, Portable",Eyebrow,Eyes
Fluidline Brow Gelcreme,$19.00,"['DeepDarkBrunette', 'TrueBrunette']",2,"Gel-Like Formula, Waterproof, Long-Wearing",Eyebrow,Eyes
75 LASH,$18.00,[],0,"Multi-layered, Crisscross Pattern, Dramatic",Eyelashes,Eyes
76 LASH,$18.00,[],0,"Varying Lengths, Wispy, Natural-Looking",Eyelashes,Eyes
3 Lash,$18.00,[],0,"Adds Length, Full, Natural-Looking",Eyelashes,Eyes
4 Lash,$18.00,[],0,"Natural Length, Wispy, Natural-Looking",Eyelashes,Eyes
7 Lash,$18.00,[],0,"Natural Length, Glamorous, Natural-Looking",Eyelashes,Eyes
30 Lash,$18.00,[],0,"Individual Lashes, Three Lengths, Customizable",Eyelashes,Eyes
33 Lash,$18.00,[],0,"Natural Length, Mod-Looking, Flirtatious",Eyelashes,Eyes
34 Lash,$18.00,[],0,"Dramatic Length, Wispy, Winged-Looking",Eyelashes,Eyes
36 Lash,$18.00,[],0,"Natural Length, Full, Winged-Looking",Eyelashes,Eyes
48 Lash,$18.00,[],0,"Dramatic Length, Full, Wispy",Eyelashes,Eyes
Duo Brush On Striplash Adhesive,$10.00,[],0,"Latex-Free Formula, 2 Shades, Thin Brush Applicator",Eyelashes,Eyes
Duo Adhesive,$10.00,[],0,"Latex Formula, Dries Clear, Long-Wearing",Eyelashes,Eyes
70 LASH,,[],0,"Dramatically Winged, Crisscross Pattern, Ultra-Glamorous",Eyelashes,Eyes
LOVE IS LOVE EYE SHADOW PALETTE BY JUSTIN TEODORO,$50.00,[],0,"6 Eye Shadow Shades, Limited-Edition Design By Justin Teodoro, Exclusively Online For $50",Eye Palettes,Eyes
Eye Shadow x 4 : Li Bai,$35.00,[],0,"Coordinated Classic Colours, Portable, Special Packaging",Eye Palettes,Eyes
Eye Shadow x 4: Han Xin,$35.00,[],0,"Coordinated Classic Colours, Portable, Special Packaging",Eye Palettes,Eyes
Eye Shadow x 4: Zhao Yun,$35.00,[],0,"Coordinated Classic Colours, Portable, Special Packaging",Eye Palettes,Eyes
Eye Shadow x 4 : Baili Yueshou,$35.00,[],0,"Coordinated Classic Colours, Portable, Special Packaging",Eye Palettes,Eyes
Glitter,$23.00,"['3DBrassGold', '3DBlack', '3DLavender', '3DPaleMint', '3DPink', '3DPlatinum', '3DSilver', 'BlackHologram', 'BrightBronze', 'Cerulean', 'ChunkyLime', 'Copper', 'Emerald', 'Fuchsia', 'Gold', 'Green', 'GreyHologram', 'IridescentHotPink', 'IridescentSage', 'Pink', 'PinkHologram', 'Platinum', 'PurpleHologram', 'ReflectsBlue', 'ReflectsBronze', 'ReflectsCopper', 'ReflectsGold', 'ReflectsPearl', 'ReflectsPurpleDuo', 'ReflectsRed', 'ReflectsRust', 'ReflectsTransparentPink', 'ReflectsTransparentTeal', 'ReflectsTurquatic', 'ReflectsVeryPink', 'Rose', 'Ruby', 'Silver', 'SilverHologram', 'TealHologram', 'Turquoise']",41,"Multi-Effect, Sparkly Finish, For Skin Or Hair",Glitters,Eyes
Mixing Medium Shine,$23.00,[],0,"Colourless, Shiny Finish, Customizable",Glitters,Eyes
Mixing Medium Matte,$23.00,[],0,"Colourless, Matte Finish, Customizable",Glitters,Eyes
Face & Body Mixing Medium,$23.00,[],0,"Buildable Coverage, Satin Finish, Long-Wearing",Glitters,Eyes
Alcohol Base Mixing Medium,$23.00,[],0,"Buildable Coverage, Lightweight, Quick-Drying",Glitters,Eyes
Mixing Medium Gel,$23.00,[],0,"Gel Formula, Colourless, Mixable",Glitters,Eyes
Acrylic Paint,$23.00,"['BasicRed', 'BlackBlack', 'GenuineOrange', 'Hi-DefCyan', 'LandscapeGreen', 'PrimaryYellow', 'ProcessMagenta', 'PureWhite', 'RichPurple']",9,"12-Hour Wear, For Face Or Body, Flexible",Glitters,Eyes
Clear Gloss,$23.00,[],0,"Transparent, Glossy Finish, Highlighting",Glitters,Eyes
M·A·C Matte,$24.00,[],0,"Cream Formula, Sheer Coverage,  Mattifying",Glitters,Eyes
Studio Fix Fluid SPF 15,$33.00,"['C4', 'NC10', 'NC12', 'NC13', 'NC15', 'NC16', 'NC17', 'NC18', 'NC20', 'NC25', 'NC5', 'N4', 'N4.5', 'N4.75', 'NW10', 'NW13', 'NW15', 'NW18', 'C40', 'C3.5', 'NC27', 'NC30', 'N5', 'N6', 'N6.5', 'NW20', 'NW22', 'NW25', 'C4.5', 'C5', 'NC35', 'NC37', 'NC38', 'NC40', 'NC42', 'C45', 'NW30', 'NW33', 'NW35', 'C8', 'NC44', 'NW40', 'NW43', 'NW44', 'NW45', 'NC45', 'NC45.5', 'NC46', 'NW46', 'NW47', 'NW48', 'NW50', 'C55', 'NC47', 'NW53', 'NC50', 'NC55', 'NC58', 'NC60', 'NW55', 'NW57', 'NW58', 'NW60']",63,"24-Hour Medium-To-Full Coverage, Matte Finish, Controls Oil/Shine",Foundation,Face
Studio Fix Powder Plus Foundation,$33.00,"['NW58', 'NW55', 'NW50', 'NW48', 'NW46', 'NW45', 'N9', 'NC55', 'NC50', 'NC47', 'NC46', 'NC45', 'C8', 'NW44', 'NC43.5', 'NW43', 'NW40', 'NC44.5', 'NC43', 'NC42', 'C40', 'C7', 'C6', 'NW35', 'NW33', 'NW30', 'NW25', 'NW22', 'N5', 'NC41', 'NC40', 'NC35', 'C35', 'C5.5', 'C5', 'C4.5', 'NC30', 'NC25', 'C30', 'C4', 'C3.5', 'C3', 'NW20', 'NW18', 'NW15', 'NW13', 'NW10', 'N4', 'N3', 'NC20', 'NC15', 'NC10', 'C2']",53,"12-Hour Medium-To-Full Coverage, Ultra-Matte Finish, Controls Oil/Shine",Foundation,Face
Studio Fix Soft Matte Foundation Stick,$33.00,"['NC13', 'NW13', 'NC15', 'NW15', 'NC16', 'NW18', 'NC17', 'NC18', 'NC20', 'NW20', 'NC25', 'NW25', 'NW22', 'NC27', 'NC30', 'NW30', 'NC35', 'NW35', 'NC37', 'NC38', 'NC40', 'NC42', 'NC44', 'NW43', 'NC45', 'NW45', 'NW47', 'NC50', 'NW50', 'NC55', 'NW55', 'NC60', 'NW60']",33,"Medium Buildable Coverage, Natural Matte Finish, On-The-Go Foundation",Foundation,Face
Studio Waterweight SPF 30 Foundation,$36.00,"['NC15', 'NC20', 'NC25', 'NC30', 'NC35', 'NC37', 'NC40', 'NC42', 'NC44', 'NC45', 'NC50', 'NW13', 'NW15', 'NW18', 'NW20', 'NW22', 'NW25', 'NW30', 'NW35', 'NW43', 'NW45', 'NW47', 'NW50']",23,"Sheer Coverage, Satin Finish, Hydrating",Foundation,Face
Pro Longwear Nourishing Waterproof Foundation,$36.00,"['NC12', 'N18', 'NC13', 'NC41', 'NC46', 'NC18', 'NC27', 'NC15', 'NC38', 'NC17', 'NC20', 'NC25', 'NC30', 'NC35', 'NC37', 'NC40', 'NC42', 'NC44', 'NC45', 'NC47', 'NC50', 'NW13', 'NW15', 'NW18', 'NW20', 'NW22', 'NW25', 'NW30', 'NW35', 'NW40', 'NW45', 'NW50']",32,"Full Buildable Coverage, Satin Finish, 36-Hour Wear",Foundation,Face
M·A·C Studio Face and Body Foundation 50 ml,$33.00,"['N1', 'N2', 'N3', 'N5', 'N7', 'N9', 'C1', 'C2', 'C3', 'C4', 'C5', 'C6', 'C7']",13,"Sheer Coverage, Satin Finish, Hydrating",Foundation,Face
M·A·C Studio Face and Body Foundation 120 ml,$40.00,"['C1', 'C3', 'C4', 'C5', 'C6', 'N1', 'N2', 'N3', 'N5']",9,"Sheer Coverage, Satin Finish, Hydrating",Foundation,Face
Studio Sculpt SPF 15 Foundation,$36.00,"['NC15', 'NC20', 'NC25', 'NC30', 'NC35', 'NC37', 'NC40', 'NC42', 'NC44', 'NC45', 'NC50', 'NW15', 'NW20', 'NW25', 'NW30', 'NW35', 'NW40', 'NW43', 'NW45']",19,"Full Coverage, Natural Finish, Hydrating",Foundation,Face
Full Coverage Foundation,$36.00,"['NC15', 'NC20', 'NC30', 'NC35', 'NC45', 'NC55', 'C40', 'W10', 'NW20', 'NW25', 'NW30', 'NW35', 'NW40', 'NW45', 'NW50', 'White']",16,"Full Coverage, 24-Hour Wear, Water-Resistant",Foundation,Face
Studio Tech,$36.00,"['NC20', 'NC25', 'NC27', 'NC30', 'NC40', 'NC42', 'NC43', 'NC44', 'NC45', 'NC50', 'NW20', 'NW33', 'NW43', 'NW45', 'NW58']",15,"Medium Coverage, Natural Flawless Finish, Controls Oil",Foundation,Face
Pro Palette Full Coverage Foundation x 12,$70.00,[],0,"12 Foundation Shades, Ideal for Pro Artists, Portable",Foundation,Face
Mineralize Skinfinish,$36.00,"['CheekyBronze', 'GlobalGlow', 'GoldDeposit', 'Lightscapade', 'Soft&Gentle']",5,"Sheer Coverage, Luminous Finish, Highlighting",Powder,Face
Extra Dimension Skinfinish,$36.00,"['Superb', 'Oh,Darling!', 'GlowWithIt', 'BeamingBlush', 'Double-Gleam', 'ShowGold', 'SoftFrost', 'WhisperofGilt']",8,"Hybrid Formula, High Shine, Highlighting",Powder,Face
Mineralize Skinfinish Natural,$36.00,"['DarkDeepest', 'DarkDeep', 'DarkGolden', 'DarkTan', 'Dark', 'MediumDeep', 'MediumDark', 'MediumGolden', 'MediumTan', 'MediumPlus', 'Medium', 'LightPlus', 'Light', 'GiveMeSun!']",14,"Medium Coverage, Natural Finish, Nourishing",Powder,Face
Bronzing Powder,$30.00,"['Bronze', 'Golden', 'MatteBronze', 'RefinedGolden']",4,"Sheer Coverage, Natural Finish, Sun-Kissed",Powder,Face
Blot Powder / Pressed,$29.00,"['DeepDark', 'Dark', 'MediumDark', 'Medium', 'Light']",5,"Sheer Coverage, Matte Finish, Controls Oil",Powder,Face
Studio Waterweight Powder / Pressed ,$36.00,"['DarkDeep', 'Dark', 'MediumDark']",3,"Medium Buildable Coverage, Natural Finish, Dual-Toned",Powder,Face
Studio Fix Perfecting Powder,$29.00,"['DarkDeep', 'Dark', 'ExtraLight', 'MediumDeep', 'MediumDark', 'MediumPlus', 'Medium', 'LightPlus', 'Light']",9,"Loose Powder, Sheer Coverage, Matte Finish",Powder,Face
Blot Powder / Loose,$29.00,[],0,"Sheer Coverage, Matte Finish, Controls Oil",Powder,Face
Prep + Prime Transparent Finishing Powder,$30.00,[],0,"Sets Makeup, Reduces Shine, For All Skin Tones",Powder,Face
Studio Finish Face Powder,$29.00,[],0,"Even Coverage, Radiant Finish, Pigmented",Powder,Face
Shaping Powder (Pro Palette Refill Pan),$17.00,"['Emphasize', 'Lightsweep', 'SoftFocus', 'WarmLight']",4,"Medium Coverage, Matte Finish, Highlighting",Powder,Face
Sculpting Powder (Pro Palette Refill Pan),$17.00,"['BoneBeige', 'Definitive', 'Sculpt', 'Shadester', 'Shadowy']",5,"Sheer Coverage, Sheen finish, Sculpts",Powder,Face
Studio Fix Pastels,$30.00,[],0,"Full Coverage, Matte Finish, Controls Shine",Powder,Face
Powder Blush,$25.00,"['Blunt', 'Blushbaby', 'Breathofplum', 'BurntPepper', 'Coppertone', 'DesertRose', 'Fever', 'FilmNoir', 'FleurPower', 'Format', 'FranklyScarlet', 'FullFuchsia', 'Gingerly', 'Harmony', 'Melba', 'Mocha', 'Peaches', 'Peachtwist', 'Peachykeen', 'PeonyPetal', 'PinchMe', ""PinchO'Peach"", 'PinkSwoon', 'Prism', 'Raizin', 'Sincere', 'Sketch', 'Sunbasque', 'SwissChocolate', 'WellDressed']",30,"5+ Textures, Buildable, Professional",Bronzer,Face
Mineralize Blush,$30.00,"['LikeMe,LoveMe', 'FlirtingWithDanger', 'Bubbles,Please', 'SweetEnough', 'Hey,Coral,Hey...', 'NaturallyFlawless', 'HumourMe', 'Happy-Go-Rosy', 'Dainty', 'Gentle', 'LoveJoy', 'LoveThing', 'NewRomance', 'PetalPower', 'WarmSoul']",15,"Baked Minerals, Lightweight, Sheer Coverage",Bronzer,Face
Glow Play Blush,$30.00,"['Blush,Please', 'TotallySynced', 'HeatIndex', 'NoShame!', ""That'sPeachy"", 'SoNatural', 'Groovy', 'CheerUp', 'CheekyDevil', 'RosyDoesit', 'Grand']",11,"Bouncy Blush, Creamy Buildable Formula, Radiant Finish",Bronzer,Face
Extra Dimension Blush,$30.00,"['HushedTone', 'FairlyPrecious', 'SweetsforMySweet', 'WrappedCandy', 'JustaPinch', 'CheekyBits', 'HardtoGet', 'IntothePink', 'RosyCheeks', 'FauxSure!']",10,"Hybrid Formula, Light-Reflecting, Long-Wearing",Bronzer,Face
Powder Blush / Small,$17.00,"['BrightPink', 'BrightResponse', 'NeverSayNever', 'SaucyMiss']",4,"6 Shades, 2 Textures, Small Pan",Bronzer,Face
Powder Blush – Split Pan: Dynastic Fantastic,$31.00,[],0,"Blush Duo, Buildable, Special Packaging",Bronzer,Face
Studio Fix 24-Hour Smooth Wear Concealer,$24.00,"['NW55', 'NW60', 'NW53', 'NW51', 'NC55', 'NW50', 'NC50', 'NC48', 'NW45', 'NC45', 'NC44', 'NC43', 'NW42', 'NC42', 'NW40', 'NC40', 'NC38', 'NW35', 'NC35', 'NW34', 'NW32', 'NC30', 'NW30', 'NW28', 'NW25', 'NC25', 'NW24', 'NW22', 'NW20', 'NC20', 'NW15', 'NC15', 'NW10', 'NC10']",34,"Full Buildable Coverage, Natural Finish, All-Day 24-Hour Wear",Concealer,Face
Pro Longwear Concealer,$26.00,"['NC15', 'NC20', 'NC25', 'NC30', 'NC35', 'NC42', 'NC45', 'NC50', 'NW15', 'NW20', 'NW25', 'NW30', 'NW35', 'NW40', 'NW45', 'NW50']",16,"Full Coverage, Matte Finish, 24-Hour Wear",Concealer,Face
Studio Waterweight Concealer,$25.00,"['NC20', 'NC35', 'NW20']",3,"Medium-Full Buildable Coverage, Natural Finish, Ultra-Fluid",Concealer,Face
Mineralize Concealer,$26.00,"['NC15', 'NC20', 'NC25', 'NC30', 'NC42', 'NC45', 'NW15', 'NW20', 'NW25', 'NW30', 'NW35']",11,"Sheer Coverage, Natural Finish, Hydrating",Concealer,Face
Studio Fix Perfecting Stick,$24.00,"['NC15', 'NC20', 'NC25', 'NC30', 'NC35', 'NC42', 'NC45', 'NC50', 'NW15', 'NW20', 'NW25', 'NW30', 'NW35', 'NW40', 'NW45', 'NW50']",16,"Medium Coverage, Natural Finish, Water-Resistant",Concealer,Face
Pro Palette Studio Finish Skin Corrector x 6,$40.00,[],0,"6 Colour Corrector Shades, Ideal for Pro Artists, Portable",Concealer,Face
Studio Fix Conceal and Correct Palette,$35.00,"['Light', 'Medium', 'MediumDeep', 'Dark', 'Deep', 'ExtraDeep']",6,"8-Hour Wear, Non-Creasing, Stay-True Colour",Concealer,Face
Studio Finish SPF 35 Concealer,$24.00,"['NC10', 'NC15', 'NC20', 'NC25', 'NC30', 'NC35', 'NC40', 'NC42', 'NC45', 'NC48', 'NC50', 'NW10', 'NW15', 'NW20', 'NW25', 'NW30', 'NW35', 'NW40', 'NW43', 'NW45', 'NW50', 'NW55', 'W10']",23,"Full Coverage, Natural Finish, SPF 35",Concealer,Face
M·A·C Studio Finish Concealer (Pro Palette Refill Pan),$14.00,"['NC45', 'NW40', 'NW50', 'NW55']",4,"12-Hour Wear, Full Coverage, Pro Palette Pan",Concealer,Face
M·A·C Studio Finish Skin Corrector (Pro Palette Refill Pan),$14.00,"['BurntCoral', 'Caramel', 'DeepBrown', 'Ochre', 'PureOrange', 'Terracotta']",6,"24-Hour Wear, Water-Resistant, Pro Palette Pan",Concealer,Face
Mineralize Skinfinish / Teyana Taylor,$37.00,[],0,"Rich Gold-Bronze Shade, Luminous Highlighter, Limited Edition",Highlighters,Face
Studio Fix Sculpt and Shape Contour Palette Light/Medium,$39.50,[],0,"Highlight/Contour Palette, Natural Finish, Sheer Buildable Coverage",Highlighters,Face
Studio Fix Sculpt and Shape Contour Palette Medium Dark/Dark,$39.50,[],0,"Highlight/Contour Palette, Natural Finish, Sheer Buildable Coverage",Highlighters,Face
Hyper Real Glow Palette/ SHIMMY PEACH,$39.50,[],0,"Three Highlighters, Deep Peach Shades, Cream-Like Glow Finish",Highlighters,Face
Hyper Real Glow Palette/ GET LIT,$39.50,[],0,"Three Highlighters, Pale Pastel Shades, Cream-Like Glow Finish",Highlighters,Face
Hyper Real Glow Palette / Get It Glowin’,$39.50,[],0,"Three Highlighters, Gold Shades, Cream-Like Glow Finish",Highlighters,Face
Hyper Real Glow Palette / Flash + Awe,$39.50,[],0,"Three Highlighters, Pink Shades, Cream-Like Glow Finish",Highlighters,Face
Iridescent Powder/Loose,$29.00,"['SilverDusk', 'GoldenBronze']",2,"Iridescent Sheen, Blends Effortlessly, High-Pearl Finish",Highlighters,Face
Strobe Cream,$35.00,"['Goldlite', 'Peachlite', 'Silverlite', 'Pinklite(OriginalStrobeCream)']",4,"Liquid Highlighter, Softest Glowing Finish, Hydrating",Highlighters,Face
Strobe Cream / Mini M·A·C,$16.00,[],0,"Travel Size, Hydrating, Luminizing",Highlighters,Face
Prep + Prime Fix+ (Shimmer),$29.00,"['Pinklite', 'Goldlite']",2,"""Shimmery Setting Spray, Hydrating, Pearlescent Finish",Highlighters,Face
Prep + Prime Highlighter,$27.00,"['PeachLustre', 'RadiantRose', 'BrightForecast', 'LightBoost']",4,"Illuminating, Sheer Coverage, Long-Wearing",Highlighters,Face
Pro Face Palette: Contour,$40.00,[],0,"Contouring, Blendable, Cream Colour Shadow Formula",Face Palettes,Face
Pro Face Palette: Blush,$40.00,"['BrightBlush', 'LightBlush', 'DeepBlush']",3,"Adds Colour, Blendable, Casual Colour Formula",Face Palettes,Face
Pro Face Palette: Illuminate,$40.00,[],0,"Highlighting, Blendable, Cream Colour Base Formula",Face Palettes,Face
Pro Palette Paintstick x 12,$70.00,[],0,"12 Paintstick Colours, Ideal for Pro Artists, Portable",Face Palettes,Face
PRO SPRING COLOUR KIT ($265 VALUE),$196.00,[],0,"PRO MEMBER-EXCLUSIVE, 12-PIECE ALL-INCLUSIVE KIT, $196 ($265 VALUE)",Face Palettes,Face
EXCLUSIVE M·A·C LOVER VAULT ($373.50 Value),$261.00,[],0,"19-Piece M∙A∙C Icons Kit, Exclusively for M∙A∙C Lover Devoted and Obsessed Members, Only Online for $261 ($373.50 Value)",Face Palettes,Face
Brush Cleanser,$17.00,[],0,"Cleansing, Conditions Brushes",Brushes,Brushes/Tools
270 Synthetic Mini Rounded Slant Brush,$25.00,[],0,"For Cream/Liquid Concealers, Slanted Mini Dome Shape, Helps to Cover Imperfections",Brushes,Brushes/Tools
316 Synthetic Lip Brush,$22.00,[],0,"For Liquids/Creams, Tapered Tip, Sculpts Lips",Brushes,Brushes/Tools
318 Synthetic Retractable Lip Brush,$26.00,[],0,"For Liquids/Creams, Sculpts Lips, Retractable",Brushes,Brushes/Tools
195 Synthetic Concealer Brush,$25.00,[],0,"For Concealer, Pointed Tip, Precisely Applies",Brushes,Brushes/Tools
109 Synthetic Small Contour Brush,$37.00,[],0,"For Powders, Rounded Dome Tip, Contours Face",Brushes,Brushes/Tools
168 Synthetic Large Angled Contour Brush,$37.00,[],0,"For Powders, Slanted Tip, Contours Cheeks",Brushes,Brushes/Tools
116 Synthetic Blush Brush,$37.00,[],0,"For Powders, Chiseled Sides, Shades Cheeks",Brushes,Brushes/Tools
129 Synthetic Powder/Blush Brush,$37.00,[],0,"For Powders, Full Rounded Shape, Shades Cheeks",Brushes,Brushes/Tools
159 Synthetic Duo Fibre Blush Brush,$37.00,[],0,"For Blush, Paddle-Shaped, Two Fibres",Brushes,Brushes/Tools
129SH Synthetic Powder/Blush Brush,$37.00,[],0,"Full Rounded Shape, Shades Cheeks, Short Handle",Brushes,Brushes/Tools
150 Synthetic Large Powder Brush,$44.00,[],0,"For Powders, Rounded Shape, Dusts On Product",Brushes,Brushes/Tools
135 Synthetic Large Flat Powder Brush,$44.00,[],0,"For Powders, Double Chiseled Shape, Shades Face",Brushes,Brushes/Tools
143SES Medium Face Fan Brush,$38.50,[],0,"Sizzling Shades, Slick Textures, Special Packaging",Brushes,Brushes/Tools
140 Synthetic Full Fan Brush,$44.00,[],0,"For Powders, Full Rounded Fan Shape",Brushes,Brushes/Tools
184 Synthetic Duo Fibre Fan Brush,$28.00,[],0,"For Creams/Liquids, Fan-Shaped, Two Fibres",Brushes,Brushes/Tools
196 Synthetic Slanted Flat Top Foundation Brush,$37.00,[],0,"For Foundation, Flat Slanted Tip, Short Bristles",Brushes,Brushes/Tools
191 Square Foundation Brush,$37.00,[],0,"For Foundation, Flat Square-Shaped, Shades Face",Brushes,Brushes/Tools
190 Synthetic Foundation Brush,$37.00,[],0,"For Foundation, Paddle-Shaped, Shades Face",Brushes,Brushes/Tools
133 Synthetic Small Cheek Brush,$37.00,[],0,"For Powders, Elongated Paddle Shape, Shades Cheeks",Brushes,Brushes/Tools
128 Synthetic Split Fibre Cheek Brush,$37.00,[],0,"For Powders, Short Dense Shape, Shades Cheeks",Brushes,Brushes/Tools
125 Synthetic Split Fibre Dense Face Brush,$37.00,[],0,"FOR POWDERS/CREAMS, SHORT DENSE SHAPE, SHADES FACE",Brushes,Brushes/Tools
139 Synthetic Duo Fibre Tapered Face Brush,$42.00,[],0,"For All Formulas, Rounded Tip, Two Fibres",Brushes,Brushes/Tools
127 Synthetic Split Fibre Face Brush,$37.00,[],0,"For Powders, Paddle-Shaped, Shades Face",Brushes,Brushes/Tools
130 Synthetic Short Duo Fibre Brush,$42.00,[],0,"For All Formulas, FlatTopped, Two Fibres",Brushes,Brushes/Tools
187 Synthetic Duo Fibre Face Brush,$44.00,[],0,"For All Formulas, Circular Shape, Two Fibres",Brushes,Brushes/Tools
188 Synthetic Small Duo Fibre Face Brush,$37.00,[],0,"For All Formulas, Flat-Topped, Two Fibres",Brushes,Brushes/Tools
137 Synthetic Long Blending Brush,$42.00,[],0,"For Powders, Long Dome Tip, Shades Face",Brushes,Brushes/Tools
224 Synthetic Tapered Blending Brush,$32.00,[],0,"For Powders, Dome-Shaped, Blends Shadow",Brushes,Brushes/Tools
221 Synthetic Mini Tapered Blending Brush,$28.00,[],0,"For Powders, Tapered Tip, Blends Shadow",Brushes,Brushes/Tools
240 Synthetic Large Tapered Blending Brush,$34.00,[],0,"For Powders, Large Tapered Shape, Blends Shadow",Brushes,Brushes/Tools
231 Synthetic Small Shader Brush,$21.00,[],0,"For Powders/Creams, Paddle-Shaped, Shades Eyes",Brushes,Brushes/Tools
217 Synthetic Blending Brush,$28.00,[],0,"For Powders/Creams, Oval Shape, Blends Shadow",Brushes,Brushes/Tools
242 Synthetic Shader Brush,$28.00,[],0,"For Powders/Emollients, Rounded Edge, Shades Eyes",Brushes,Brushes/Tools
239 Synthetic Eye Shader Brush,$28.00,[],0,"For Powders, Rounded Edge, Shades Eyes",Brushes,Brushes/Tools
248 Synthetic Small Eye Shader Brush,$28.00,[],0,"Paddle-Shaped, For Eyes, For Cream Formulas",Brushes,Brushes/Tools
275 Synthetic Medium Angled Shading Brush,$28.00,[],0,"For Powders, Angled Edge, Contours Eyes",Brushes,Brushes/Tools
287 Synthetic Duo Fibre Eye Shadow Brush,$32.00,[],0,"For All Formulas, Paddle-Shaped, Two Fibres",Brushes,Brushes/Tools
164 Synthetic Duo Fibre Curved Sculpting Brush,$37.00,[],0,"For All Formulas, Curved Slanted Tip, Contours Cheeks",Brushes,Brushes/Tools
170 Synthetic Rounded Slant Brush,$37.00,[],0,"For Creams/Liquids, Slanted Dome Shape, Shades Face",Brushes,Brushes/Tools
197 Synthetic Duo Fibre Square Brush,$37.00,[],0,"FOR FOUNDATIONS, SQUARE-SHAPED, TWO FIBRES",Brushes,Brushes/Tools
204 Synthetic Lash Brush,$18.00,[],0,"For Lashes, Spoolie Shape, Grooms Lashes/Brows",Brushes,Brushes/Tools
205 Synthetic Mascara Fan Brush,$20.00,[],0,"For Mascara, Fan-Shaped, Coats/Separates Lashes",Brushes,Brushes/Tools
208 Synthetic Angled Brow Brush,$21.00,[],0,"For All Formulas, Angled Tip, Shades Brows",Brushes,Brushes/Tools
209 Synthetic Eye Liner Brush,$22.00,[],0,"For Liquids/Creams, Fine-Tipped, Lines Eyes",Brushes,Brushes/Tools
210 Synthetic Precise Eye Liner Brush,$21.00,[],0,"For Liquids/Creams, Extra Fine Tip, Lines Eyes",Brushes,Brushes/Tools
212 Synthetic Flat Definer Brush,$25.00,[],0,"For All Formulas, Flat-Shaped, Defines Eyes",Brushes,Brushes/Tools
219 Synthetic Pencil Brush,$28.00,[],0,"For Powders/Creams, Pencil-Shaped, Defines Eyes",Brushes,Brushes/Tools
182 Synthetic Buffer Brush,$53.00,[],0,"For Powders, Dome-Shaped, Buffs Face",Brushes,Brushes/Tools
263 Synthetic Small Angle Brush,$21.00,[],0,"For All Formulas, Angled Tip, Shapes Eyes/Brows",Brushes,Brushes/Tools
286 Synthetic Duo Fibre Tapered Brush,$32.00,[],0,"For All Formulas, Dome-Shaped, Two Fibres",Brushes,Brushes/Tools
Oval Synthetic 6 Brush,$42.00,[],0,"For All Formulas, Rounded Shape, Shades Face",Brushes,Brushes/Tools
Beautyblender Original,$20.00,[],0,"Iconic Pink Sponge, Edgeless Shape, Streak-Free Application",Brushes,Brushes/Tools
Beautyblender Beauty Blusher,$16.00,[],0,"For Blush, Edgeless Shape, Streak-Free Application",Brushes,Brushes/Tools
Beautyblender Pro,$20.00,[],0,"For Darker-Toned Products, Edgeless Shape, Streak-Free Application",Brushes,Brushes/Tools
Beautyblender Micro Mini,$18.00,[],0,"For Contouring/Highlighting/Concealing, Edgeless Shape, Streak-Free Application",Brushes,Brushes/Tools
Blendercleanser Solid,$16.00,[],0,"beautyblender® Cleanser, Deep Cleans, Pink Silicone Pad Included",Brushes,Brushes/Tools
Studio Tech Sponge / 2,$10.00,[],0,"For Studio Tech, Pro-Quality, Reusable",Brushes,Brushes/Tools
Multi-Formula Foundation Sponge / 2,$10.00,[],0,"Ultra-Soft, Buffed Finish, Reusable",Brushes,Brushes/Tools
Lash Applicator,$20.00,[],0,"For False Lashes, Precise, Convenient",Brushes,Brushes/Tools
Select Sheer Replacement Puff / 2,$10.00,[],0,"For Select Sheer/Pressed, Flocked Puff, 2-Pack",Brushes,Brushes/Tools
Mascara Wands / Disposable,$10.00,[],0,"High-Quality, Hygenic, Disposable",Brushes,Brushes/Tools
Softpoint Sponge Applicator,$19.00,[],0,"Ultra-Soft, Easy Grip, Precise",Brushes,Brushes/Tools
Brush Canister / Small,$19.00,[],0,"Holds 16 Brushes, Convenient, Versatile",Accessories,Brushes/Tools
Foundation Pump,$10.00,[],0,"Use with Studio Fix Fluid, Easy Distribution, Self-Capping",Accessories,Brushes/Tools
Pencil Sharpener / Universal,$10.00,[],0,"For Regular/Chubby Pencils, Multi-Use, Creates Fine/Rounded Tips",Accessories,Brushes/Tools
Full Lash Curler,$22.00,[],0,"Full-Sized, Curling, Easy To Use",Accessories,Brushes/Tools
Spatula,$22.00,[],0,"Stainless Steel, Double-Sided, Professional",Accessories,Brushes/Tools
Tweezers / Slant,$36.00,[],0,"Slant-Tipped, Texturized Tip, Grooming",Accessories,Brushes/Tools
Half Lash Curler,$22.00,[],0,"Half-Sized, Curling, For Inner Lashes",Accessories,Brushes/Tools
Clearly M·A·C / Large Rectangle,$30.00,[],0,"Large Clear Rectangle, Flexible Plastic, Sturdy",Bags,Brushes/Tools
Clearly M·A·C / Rectangle,$26.00,[],0,"Clear Rectangle, Flexible Plastic, Sturdy",Bags,Brushes/Tools
Carry All M·A·C,$60.00,[],0,"Classic Carry-All, Black Nylon, Durable",Bags,Brushes/Tools
Travel Case,$176.00,[],0,"Travel Case, Multiple Compartments, Durable",Bags,Brushes/Tools
Brush Roll M·A·C / Large,$50.00,[],0,"Large Brush Roll, Black Nylon, Durable",Bags,Brushes/Tools
Clearly M·A·C / Trio,$42.00,[],0,"Clear Nesting Trio, Flexible Plastic, Sturdy",Bags,Brushes/Tools
Clearly M·A·C / Cube,$26.00,[],0,"Clear Cube, Flexible Plastic, Sturdy",Bags,Brushes/Tools
Rectangle M·A·C / Medium,$42.00,[],0,"Medium Rectangle, Logo Pattern, Classic",Bags,Brushes/Tools
Brush Roll M·A·C / Small,$42.00,[],0,"Small Brush Roll, Black Nylon, Durable",Bags,Brushes/Tools
Rectangle M·A·C / Small,$35.00,[],0,"Small Rectangle, Logo Pattern, Classic",Bags,Brushes/Tools
Style Voyager Tote,$45.00,"['Champs-Elyseés', 'CoventGarden', 'Roma']",3,"Carry-All Tote, Black Canvas, M·A·C Graffiti Print",Bags,Brushes/Tools
Pro Palette Eye Shadow / Concealer x 4 (Compact),$9.00,[],0,"4 Small Compartments, Fits Shadow / Concealer, Portable",Pro Products,Brushes/Tools
Pro Palette Eye Shadow / Concealer x 6 (Insert),$1.00,[],0,"6 Small Compartments, Fits Shadow / Concealer, Customizable",Pro Products,Brushes/Tools
Pro Palette Cream Colour Base x 2 (Insert),$1.00,[],0,"2 Medium Compartments, Fits Cream Colour Base, Customizable",Pro Products,Brushes/Tools
Pro Palette Customize X 4 (Insert),$1.00,[],0,"4 Wells, Customizable, For All Formulas",Pro Products,Brushes/Tools
Pro Palette Eye Shadow / Concealer x 9 (Insert),$2.00,[],0,"9 Small Compartments, Fits Shadow / Concealer, Customizable",Pro Products,Brushes/Tools
Pro Palette Blush / Powder x 2 (Insert),$1.00,[],0,"2 Large Compartments, Fits Blush / Powder, Customizable",Pro Products,Brushes/Tools
Pro Palette Eye Shadow / Concealer x 15 (Insert),$3.00,[],0,"15 Small Compartments,  Fits Shadow / Concealer, Customizable",Pro Products,Brushes/Tools
Pro Palette Eye Shadow / Concealer x 2 (Compact),$6.00,[],0,"2 Small Compartments, Fits Shadow / Concealer, Portable",Pro Products,Brushes/Tools
Pro Palette Large / Single (Compact),$9.00,[],0,"Large Compact,  Fits Eye / Face Inserts & Pans, Single-Sided",Pro Products,Brushes/Tools
Pro Palette Large / Duo (Compact),$9.00,[],0,"Large Compact,  Fits Eye / Face Inserts & Pans, Double-Sided",Pro Products,Brushes/Tools
Pro Palette Medium (Compact),$9.00,[],0,"Medium Compact, Fits Eye / Face Inserts & Pans, Portable",Pro Products,Brushes/Tools
Pro Palette Small (Compact),$9.00,[],0,"Small Compact, Fits Eye / Face Inserts & Pans, Portable",Pro Products,Brushes/Tools
Chromacake,$29.00,"['BasicRed', 'PrimaryYellow', 'TrueChartreuse', 'PureWhite', 'BlackBlack', 'MarineUltra', 'RichPurple', 'Cyan', 'Magenta', 'LandscapeGreen', 'GenuineOrange']",11,"Opaque Coverage, Matte Finish, Water-Activated",Pro Products,Brushes/Tools
Paintstick,$22.00,"['RichPurple', 'TrueChartreuse', 'DeepBrown', 'GenuineOrange', 'LandscapeGreen', 'MarineUltra', 'ProcessMagenta', 'PureWhite', 'BlackBlack', 'BasicRed']",10,"Opaque Coverage, Slight Satin Finish, Rich Colour",Pro Products,Brushes/Tools
PRO Performance HD Airbrush Makeup,$36.00,"['Caramel', 'PureOrange', 'DeepBrown', 'NW25', 'Cyan', 'NW45', 'NW55', 'PureWhite', 'PrimaryYellow', 'NC10', 'BlackBlack', 'Terracotta', 'NC20', 'NC30', 'Ochre', 'LandscapeGreen', 'NC40', 'GenuineOrange', 'BasicRed', 'NW15', 'BurntCoral', 'Magenta', 'NW35', 'NC50', 'RichPurple', 'PolishedIvory']",26,"Silicone-Based, Rich Colour, For HD Use",Pro Products,Brushes/Tools
PRO Performance HD Airbrush Cleanser,$24.00,[],0,"Cleansing, Dilutes Formulas, Sheers Out Coverage",Pro Products,Brushes/Tools
Pro Palette Customize x 12 (Insert),$4.00,[],0,"12 Wells, Customizable, For All Formulas",Pro Products,Brushes/Tools
Pro Palette Customize x 24 (Insert),$4.00,[],0,"24 Wells, Customizable, For All Formulas",Pro Products,Brushes/Tools
Fix+ Vitality,$16.00,[],0,"Mini Mood-Boosting Setting Spray, Vital Apricot and Tangerine Scent, Refreshes and Sets Makeup",Primers,Skin
Fix+ Play,$16.00,[],0,"Mini Mood-Boosting Setting Spray, Playful Lemon and Orange Scent, Refreshes and Sets Makeup",Primers,Skin
Fix+ Balance,$16.00,[],0,"Mini Mood-Boosting Setting Spray, Balancing Peppermint and Bergamot Scent, Refreshes and Sets Makeup",Primers,Skin
Fix+ Awaken,$16.00,[],0,"Mini Mood-Boosting Setting Spray, Awakening Tea Leaf and Floral Scent, Refreshes and Sets Makeup",Primers,Skin
Fix+ Passion,$16.00,[],0,"Mini Mood-Boosting Setting Spray, Passionate Strawberry and Peach Scent, Refreshes and Sets Makeup",Primers,Skin
Mineralize Timecheck Lotion ,$45.00,[],0,"Hydrating, Blurs Lines, Visibly Shrinks Pores",Primers,Skin
Fix+ Compassion,$16.00,[],0,"Mini Mood-Boosting Setting Spray, Compassionate Berry and Rose Scent, Refreshes  and Sets Makeup",Primers,Skin
Fix+ Calm,$16.00,[],0,"Mini Mood-Boosting Setting Spray, Calming Blueberry and Jasmine Scent, Refreshes and Sets Makeup",Primers,Skin
Prep + Prime Fix+,$29.00,"['Original', 'Coconut', 'Lavender', 'Rose']",4,"Hydrating, Refreshing, Finishes Makeup, Setting Spray",Primers,Skin
Prep + Prime Fix+ Matte,$29.00,[],0,"Refreshing, Setting Spray, Instantly Mattifies",Primers,Skin
M·A·C Fix+ Magic Radiance,$32.00,[],0,"Fix+ Magic Radiance, Mist-On Moisturizing Spray, Vitamin C Adds Radiance, Hyaluronic Acid/Essential Oils Hydrate",Primers,Skin
Prep + Prime Fix+ / Mini M·A·C,$16.00,[],0,"Travel Size, Refreshing, Sets Makeup",Primers,Skin
Fix+ (Shimmer) in Bronzelite,$30.00,[],0,"Hydrating, Setting Spray, Bronze Pearlescent Finish",Primers,Skin
Prep + Prime Natural Radiance,$42.00,"['RadiantPink', 'RadiantYellow']",2,"Illuminating Primer, Hydrating, For All Skin Types",Primers,Skin
Prep + Prime Skin,$33.00,[],0,"Lightweight, Perfects Skin, Improves Radiance",Primers,Skin
Prep + Prime 24-Hour Extend Eye Base,$24.50,[],0,"Long-Wearing, Crease-Proof, Fade-Proof",Primers,Skin
Prep + Prime Pore Refiner Stick,$28.00,[],0,"Blurs Pores, Controls the look of Oil, Matte Finish",Primers,Skin
Prep + Prime Essential Oils Stick,$28.00,[],0,"Hydrating, Multi-Purpose, Portable",Primers,Skin
Prep + Prime Skin Refined Zone,$23.00,[],0,"Minimizes Pores, Mattifying, Controls Oil",Primers,Skin
Prep + Prime Face Protect Lotion SPF 50  ,$35.00,[],0,"Antioxidant Rich, Non-Oily, SPF 50",Primers,Skin
Prep + Prime Essential Oils Grapefruit & Chamomile,$28.00,[],0,"Hydrating, Improves Radiance, Clarifying",Primers,Skin
Prep + Prime Moisture Infusion,$42.00,[],0,"Hydrating, Lightweight, Improves Radiance",Primers,Skin
Prep + Prime Fix+ / Petal Power,$29.00,[],0,"Setting Spray, Hydrating, Cherry Blossom Scent",Primers,Skin
Fast Response Eye Cream,$33.00,[],0,"Firming, De-Puffing, Reduces Dark Circles",Eye Primer,Skin
Strobe Face Glaze ,$28.00,"['Bronzejour', 'MagicHour', 'Let’sMakeWaves', 'LikeitLilacThat']",4,"Iridescent Glossy Highlighter, Dewy Finish, Hydrating",Moisturizers,Skin
Strobe Body Lotion ,$35.00,[],0,"Hydrating, Luminous, Liquid Bronze Highlighter for Body",Moisturizers,Skin
Mineralize Charged Water Moisture Gel,$40.00,[],0,"Hydrating, Soothing, Softens Skin",Moisturizers,Skin
Studio Moisture Cream,$33.00,[],0,"Hydrating, Nourishing",Moisturizers,Skin
Complete Comfort Creme,$35.00,[],0,"Hydrating, Soothing, Reduces Redness",Moisturizers,Skin
Lightful C + Coral Grass Tinted Cream SPF 30 with Radiance Booster,$35.00,"['Medium', 'Light', 'LightPlus', 'MediumPlus']",4,"Colour-Correcting, Brightening, SPF 30",Moisturizers,Skin
Lightful C + Coral Grass Softening Lotion Spray,$31.00,[],0,"Hydrating, Brightening, Spray Bottle",Moisturizers,Skin
Lightful C + Coral Grass Vibrancy Eye Cream,$34.00,[],0,"Brightening, Primes Eyes",Moisturizers,Skin
Lightful C + Coral Grass Moisture Cream,$45.00,[],0,"Hydrating, Brightening, Prevents Dark Spots",Moisturizers,Skin
Mineralize Charged Water Charcoal Spray,$29.00,[],0,"Hydrating, Re-energizing, Sets Makeup",Moisturizers,Skin
Mineralize Reset & Revive Charcoal Mask,$34.00,[],0,"Purifies Pores, Controls Look of Oil, Clarifies Skin",Moisturizers,Skin
Bulk Wipes,$30.00,[],0,"Convenient, Conditioning, Removes Makeup",Fragrance,Skin
Wipes / Mini M·A·C,$16.00,[],0,"Travel Size, Conditioning, Removes Makeup",Fragrance,Skin
Gently Off Eye and Lip Makeup Remover,$22.00,[],0,"Dual-Phase Formula, Gentle, Soothing",Fragrance,Skin
Cleanse Off Oil,$33.00,[],0,"Removes Waterproof Makeup, Natural Oils, Gentle",Fragrance,Skin
Mineralize Volcanic Ash Exfoliator,$33.00,[],0,"Exfoliating, Controls Oil, Hydrating",Fragrance,Skin
Lightful C + Coral Grass Cleanser,$30.00,[],0,"Botanical Formula, Skin-Balancing, Brightening",Fragrance,Skin
